N°5,Eau de Parfum/EDP Vapo ,[100 ml - 3.4 oz],25532,3
N°5,L'Eau/EDT Vapo,[100 ml - 3.4 oz],25533,3
N°5,L'Eau/Hand Cream,[50 ml - 1.7 oz],25583,3
N°5,L'Eau/All Over Spray,[150 ml - 5 oz],25593,3
N°5,Eau Première/EDP Vapo ,[100 ml - 3.4 oz],25343,3
N°5,Eau de Toilette/EDT Vapo,[100 ml - 3.4 oz],25463,3
N°5,Bath Line/Body Cream,[150 ml - 5 oz],25723,3
N°5,Bath Line/Body Lotion,[200 ml - 6.8 oz],25743,3
GABRIELLE CHANEL,Eau de Parfum/EDP Vapo,[100 ml - 3.4 oz],20523,3
GABRIELLE CHANEL,Bath Line/Body Lotion,[200 ml - 6.8 oz],20943,3
GABRIELLE CHANEL,Bath Line/Shower Gel,[200 ml - 6.8 oz],20961,3
COCO MADEMOISELLE ,Eau de Parfum Intense/EDP Intense Vapo ,[100 ml - 3.4 oz],16663,3
COCO MADEMOISELLE ,Eau de Parfum/EDP Vapo,[100 ml - 3.4 oz],16523,3
COCO MADEMOISELLE ,Eau de Parfum + Body Oil/COFFRET,[35 ml + 50ml],0CMCOF,3
COCO MADEMOISELLE ,Eau de Toilette/EDT Vapo,[100 ml - 3.4 oz],16465,3
COCO MADEMOISELLE ,Bath Line/Body Cream / Fresh ,[150 ml - 5 oz],16833,3
COCO MADEMOISELLE ,Bath Line/Hair Mist,[35 ml - 1.2oz],16993,3
COCO MADEMOISELLE ,Bath Line/Dry Velvet Body Oil Spray ,[200 ml - 6.8 oz],16953,3
COCO MADEMOISELLE ,Bath Line/Moisture Mist / Fresh,[100 ml - 3.4 oz],16853,3
COCO MADEMOISELLE ,Bath Line/Body Lotion,[200 ml - 6.8 oz],16945,3
CHANCE ,Eau de Parfum/EDP Vapo,[100 ml - 3.4 oz],26523,3
CHANCE ,Eau de Toilette/EDT Vapo,[100 ml - 3.4 oz],26463,3
CHANCE ,Bath Line/Body Cream / Satin,[200 g],26843,3
CHANCE ,Bath Line/Body Moisture,[200 ml - 6.8 oz],26943,3
CHANCE EAU TENDRE ,Eau de Parfum/EDP Vapo,[100 ml - 3.4 oz],26263,3
CHANCE EAU TENDRE ,Eau de Toilette/EDT Vapo,[100 ml - 3.4 oz],26323,3
CHANCE EAU TENDRE ,Bath Line/Body Cream ,[200 g],26733,3
CHANCE EAU TENDRE ,Bath Line/Body Moisture,[200 ml - 6.8 oz],26743,3
CHANCE EAU TENDRE ,Bath Line/Hair Mist, [35 ml - 1.2oz] ,26783,3
CHANCE EAU TENDRE ,Bath Line/Moisture Mist  / Sheer , [100 ml - 3.4 oz] ,26813,3
CHANCE EAU FRAÎCHE,Eau de Toilette/EDT Vapo,[100 ml - 3.4 oz],36423,3
CHANCE EAU FRAÎCHE,Bath Line/Moisture Mist  / Sheer ,[100 ml - 3.4 oz],36853,3
CHANCE EAU FRAÎCHE,Bath Line/Body Moisture,(200 ml - 6.8 oz),36943,3
CHANCE EAU VIVE ,Eau de Toilette/EDT Vapo,[100 ml - 3.4 oz],26563,3
CHANCE EAU VIVE ,Bath Line/Body Moisture,[200 ml - 6.8 oz],26643,3
ALLURE ,Eau de Parfum/EDP Vapo ,[100 ml - 3.4 oz],12533,3
ALLURE ,Eau de Toilette/EDT Vapo,[100 ml - 3.4 oz],12463,3
ALLURE SENSUELLE ,Eau de Parfum/EDP Vapo,[100 ml - 3.4 oz],29733,3
ALLURE SENSUELLE ,Eau de Toilette/EDT Vapo,[100 ml - 3.4 oz],29463,3
COCO ,Eau de Parfum/EDP Vapo,[100 ml - 3.4 oz],13532,3
COCO ,Eau de Toilette/EDT Vapo,[100 ml - 3.4 oz],23464,3
COCO NOIR ,Eau de Parfum/EDP Vapo ,[100 ml - 3.4 oz],13663,3
COCO NOIR ,Bath Line/Body Cream,[150 ml - 5 oz],13733,3
COCO NOIR ,Bath Line/Body Lotion,[200 ml - 6.8 oz],13743,3
N°19 POUDRÉ,Eau de Parfum/EDP Vapo,[100 ml - 3.4 oz],19493,3
N°19,Eau de Parfum/EDP Vapo,[100 ml - 3.4 oz],19533,3
N°19,Eau de Toilette/EDT Vapo,[100 ml - 3.4 oz],19473,3
CRISTALLE EAU VERTE ,Eau de Toilette/EDT Vapo Concentrée,[100 ml - 3.4 oz],11263,3
BLEU DE CHANEL ,Parfum/Perfume,[100 ml - 3.4 oz],37183,3
BLEU DE CHANEL ,Eau de Parfum/EDP Vapo,[100 ml - 3.4 oz],37363,3
BLEU DE CHANEL ,Eau de Toilette/EDT Vapo,[100 ml - 3.4 oz],37463,3
BLEU DE CHANEL ,Bath Line/After Shave Lotion,[100 ml - 3.4 oz],37063,3
BLEU DE CHANEL ,Bath Line/After Shave Balm,[90 ml - 3.04 oz],37113,3
ALLURE HOMME SPORT,Eau de Toilette/EDT Vapo,[100 ml - 3.4 oz],23633,3
ALLURE HOMME SPORT,Cologne/Cologne Vapo,[100 ml - 3.4 oz],23323,3
ALLURE HOMME SPORT EAU EXTRÊME,Eau de Parfum/EDP Vapo ,[100 ml - 3.4 oz],23563,3
ALLURE HOMME ,Eau de Toilette/EDT Vapo,[100 ml - 3.4 oz],21463,3
ALLURE HOMME EDITION BLANCHE ,Eau de Parfum/EDP Vapo,[100 ml - 3.4 oz],27463,3
ALLURE HOMME EDITION BLANCHE ,Bath Line/After Shave Lotion,[100 ml - 3.4 oz],27163,3
EGOISTE ,Eau de Toilette/EDT Vapo,[100 ml - 3.4 oz],14463,3
PLATINUM EGOISTE ,Eau de Toilette/EDT Vapo,[100 ml - 3.4 oz],24463,3
ANTAEUS ,Eau de Toilette/EDT Vapo,[100 ml - 3.4 oz],18463,3
POUR MONSIEUR ,Eau de Toilette/EDT Vapo,[100 ml - 3.4 oz],17467,3
Eyes,Les 4 Ombres/Tissé Camelia,[2.0 g - 0.12 oz],64202,1
Eyes,Les 4 Ombres/Tissé Vendôme,[2.0 g - 0.12 oz],64204,1
Eyes,Les 4 Ombres/Tissé Rivoli,[2.0 g - 0.12 oz],64226,1
Eyes,Les 4 Ombres/Tissé Cambon,[2.0 g - 0.12 oz],64228,1
Eyes,Les 4 Ombres/Tissé Jazz,[2.0 g - 0.12 oz],64244,1
Eyes,Les 4 Ombres/Candeur et Expérience,[2.0 g - 0.12 oz],64268,1
Eyes,Les 4 Ombres/Tissé Dimensions,[2.0 g - 0.12 oz],64272,1
Eyes,Les 4 Ombres/Codes Elegants,[2.0 g - 0.12 oz],64274,1
Eyes,Les 4 Ombres/Road Movie,[2.0 g - 0.12 oz],64288,1
Eyes,Les 4 Ombres/Splendeur et Audace,[2.0 g - 0.12 oz],64306,1
Eyes,Les 4 Ombres/Mystere et Intensite,[2.0 g - 0.12 oz],64304,1
Eyes,Les 4 Ombres/Clair-Obscur,[2.0 g - 0.12 oz],64308,1
Eyes,Les 4 Ombres/Quiet Revolution,[2.0 g - 0.12 oz],64312,1
Eyes,Ombre Premiere Powder/Blue Jean (satin finish) ,[2.2 g - 0.08 oz],76016,1
Eyes,Ombre Premiere Powder/Visone (mat finish) ,[2.2 g - 0.08 oz],76022,1
Eyes,Ombre Premiere Powder/Chocolate Brown (mat finish) ,[2.2 g - 0.08 oz],76024,1
Eyes,Ombre Premiere Powder/Noir Satin (satin finish) ,[2.2 g - 0.08 oz],76026,1
Eyes,Ombre Premiere Powder/Sable (satin finish) ,[2.2 g - 0.08 oz],76028,1
Eyes,Ombre Premiere Powder/Vibrant Violet (satin finish) ,[2.2 g - 0.08 oz],76030,1
Eyes,Ombre Premiere Powder/Bronze Antique (satin finish) ,[2.2 g - 0.08 oz],76032,1
Eyes,Ombre Premiere Powder/Poudre d'Or (metallic finish)  ,[1.5 g - 0.05 oz],76034,1
Eyes,Ombre Premiere Powder/Désert Rouge (metallic finish),[1.5 g - 0.05 oz],76036,1
Eyes,Ombre Premiere Powder/Electrum Lame,[1.5 g - 0.05 oz],51905,1
Eyes,Ombre Premiere Powder/Cuivre Lame,[1.5 g - 0.05 oz],51907,1
Eyes,Ombre Premiere Powder/Noir Lame,[1.5 g - 0.05 oz],51908,1
Eyes,Ombre Premiere Cream/Undertone,[4.0 g - 0.14 oz],76802,1
Eyes,Ombre Premiere Cream/Scintillance ,[4.0 g - 0.14 oz],76804,1
Eyes,Ombre Premiere Cream/Pourpre Profond,[4.0 g - 0.14 oz],76810,1
Eyes,Ombre Premiere Cream/Noir Pétrole,[4.0 g - 0.14 oz],76812,1
Eyes,Ombre Premiere Cream/Silver Pink,[4.0 g - 0.14 oz],76814,1
Eyes,Ombre Premiere Cream/Urban,[4.0 g - 0.14 oz],76818,1
Eyes,Ombre Premiere Cream/Memory,[4.0 g - 0.14 oz],76820,1
Eyes,La Base Paupieres/La Base Ombre A Paupieres,[6 g - 0.2 oz],80203,1
Eyes,Le Crayon Yeux/Noir Black,[1.0 g - 0.03 oz],81010,1
Eyes,Le Crayon Yeux/Brun Teak,[1.0 g - 0.03 oz],81020,1
Eyes,Le Crayon Yeux/Prune Noire,[1.0 g - 0.03 oz],81067,1
Eyes,Le Crayon Yeux/Vert Eden,[1.0 g - 0.03 oz],81087,1
Eyes,Le Crayon Yeux/Blue Jean,[1.0 g - 0.03 oz],81190,1
Eyes,Le Crayon Yeux/Brun-Cuivré,[1.0 g - 0.03 oz],81660,1
Eyes,Le Crayon Yeux/Gris Scintillant,[1.0 g - 0.03 oz],81690,1
Eyes,Stylo Ombre Et Contour/Bleu Nuit,[0.8 g - 0.03 oz],82202,1
Eyes,Stylo Ombre Et Contour/Electric Brown,[0.8 g - 0.03 oz],82204,1
Eyes,Stylo Ombre Et Contour/Nude Eclat,[0.8 g - 0.03 oz],82206,1
Eyes,Stylo Ombre Et Contour/Rouge Noir,[0.8 g - 0.03 oz],82208,1
Eyes,Le Sourcil de Chanel/Brun,[4 g - 0.13 oz],82553,1
Eyes,Le Gel Sourcils/Transparent,[6 g - 0.21 oz],82353,1
Eyes,Le Gel Sourcils/Brun,[6 g - 0.21 oz],82373,1
Eyes,Calligraphie de Chanel/Hyperblack,[4 g - 0.13 oz],83653,1
Eyes,Signature de Chanel/Noir,[0.5 ml - 0.02 oz],83753,1
Eyes,Stylo Sourcils Waterproof/Auburn,[0.27 g - 0.01 oz],83802,1
Eyes,Stylo Sourcils Waterproof/Blond Dore,[0.27 g - 0.01 oz],83804,1
Eyes,Stylo Sourcils Waterproof/Brun Profond,[0.27 g - 0.01 oz],83810,1
Eyes,Stylo Sourcils Waterproof/Ebene,[0.27 g - 0.01 oz],83812,1
Eyes,Les Beiges Eyeshadow/Naturelle Medium, [4.5 g - 0.02 oz] ,84183,1
Face,Les Beiges Palette Regard Belle Mine/Naturelle Ligth ,[4.5 g - 0.02 oz],84185,1
Face,Les Beiges Palette Regard Belle Mine/Naturelle Deep , [4.5 g - 0.02 oz] ,84188,1
Eyes,Ligne Graphique de Chanel/Noir Noir,[6 g - 0.21 oz],87113,1
Eyes,Le Crayon Khôl/Noir,[2.0 g - 0.07 oz],87610,1
Eyes,Stylo Yeux Waterproof/Cassis,[0.30 g - 0.01 oz],87833,1
Eyes,Stylo Yeux Waterproof/Noir Intense,[0.30 g - 0.01 oz],87883,1
Eyes,Stylo Yeux Waterproof/Ebène,[0.30 g - 0.01 oz],87913,1
Eyes,Stylo Yeux Waterproof/Espresso,[0.30 g - 0.01 oz],87923,1
Eyes,Stylo Yeux Waterproof/Fervent Blue,[0.30 g - 0.01 oz],87924,1
Eyes,Stylo Yeux Waterproof/Pacific Green,[0.30 g - 0.01 oz],87925,1
Eyes,Stylo Yeux Waterproof/Purple Choc,[0.30 g - 0.01 oz],87926,1
Eyes,Stylo Yeux Waterproof/Eros,[0.30 g - 0.01 oz],87928,1
Eyes,Stylo Yeux Waterproof/Mare-Chiaro,[0.30 g - 0.01 oz],87938,1
Eyes,Stylo Yeux Waterproof/Brun Agape,[0.30 g - 0.01 oz],87940,1
Eyes,Mascara Base/La Base Mascara,[6 g - 0.2 oz],90243,1
Eyes,Dimensions de Chanel/Noir,[6 g - 0.2 oz],90413,1
Eyes,Le Volume de Chanel/Noir,[6 g - 0.2 oz],91213,1
Eyes,Le Volume de Chanel/Blue Night,[6 g - 0.2 oz],91273,1
Eyes,Le Volume de Chanel/Écorces ,[6 g - 0.2 oz],91283,1
Eyes,Le Volume Revolution/Noir,[6 g - 0.2 oz],91713,1
Eyes,Le Volume de Chanel Waterproof/Noir,[6 g - 0.2 oz],94213,1
Eyes,Le Volume de Chanel Waterproof/Brun,[6 g - 0.2 oz],94223,1
Eyes,Inimitable/Noir - Black,[6 g - 0.2 oz],95713,1
Eyes,Inimitable/Noir - Brun,[6 g - 0.2 oz],95733,1
Eyes,Inimitable Waterproof/Noir,[6 g - 0.2 oz],92413,1
Eyes,Inimitable Intense/Noir,[6 g - 0.2 oz],95813,1
Eyes,Inimitable Intense/Brun,[6 g - 0.2 oz],95823,1
Face,Poudre Lumiere/Ivory Gold ,[9 g - 0.30 oz],30413,1
Face,Poudre Lumiere/Warm Gold,[9 g - 0.30 oz],30423,1
Face,Poudre Universelle Compact/Clair - Translucent 1,[15g - 0.53 oz],30523,1
Face,Poudre Universelle Compact/Naturel - Translucent 2,[15g - 0.53 oz],30533,1
Face,Poudre Universelle Compact/Doré - Translucent 3,[15g - 0.53 oz],30543,1
Face,Poudre Universelle Compact/Pêche,[15g - 0.53 oz],30553,1
Face,Poudre Universelle Libre/Clair - Translucent 1,[25 g - 0.8 oz],32094,1
Face,Poudre Universelle Libre/Naturel - Translucent 2,[25 g - 0.8 oz],32097,1
Face,Poudre Universelle Libre/Doré - Translucent 3,[25 g - 0.8 oz],32098,1
Face,Le Blanc de Chanel/Sheer Illuminating Base,[30ml - 1.0 oz.],32407,1
Face,Joues Contrastes/Brume D'Or - Mocha,[4 g - 0.13 oz],68035,1
Face,Joues Contrastes/Rose Glacier ,[4 g - 0.13 oz],68173,1
Face,Joues Contrastes/In Love,[4 g - 0.13 oz],68553,1
Face,Joues Contrastes/Pink Explosion,[4 g - 0.13 oz],68643,1
Face,Joues Contrastes/Rose Initiale,[4 g - 0.13 oz],68723,1
Face,Joues Contrastes/Frivole,[4 g - 0.13 oz],68763,1
Face,Joues Contrastes/Reflex,[4 g - 0.13 oz],68825,1
Face,Joues Contrastes/Rose Pétale,[4 g - 0.13 oz],68991,1
Face,Éclat Lumière/Beige Clair,[1.2 ml - 0.04oz],45623,1
Face,Éclat Lumière/Beige Rosé,[1.2 ml - 0.04oz],45633,1
Face,Éclat Lumière/Beige Moyen,[1.2 ml - 0.04oz],45643,1
Face,Ultra Le Teint Fluide/Beige 10,[30 ml - 1.0 oz],46152,1
Face,Ultra Le Teint Fluide/Beige 20,[30 ml - 1.0 oz],46154,1
Face,Ultra Le Teint Fluide/Beige 30,[30 ml - 1.0 oz],46156,1
Face,Ultra Le Teint Fluide/Beige 40,[30 ml - 1.0 oz],46158,1
Face,Ultra Le Teint Fluide/Beige 60,[30 ml - 1.0 oz],46162,1
Face,Ultra Le Teint Fluide/BD 21 (TR only),[30 ml - 1.0 oz],46166,1
Face,Ultra Le Teint Fluide/BD 31,[30 ml - 1.0 oz],46168,1
Face,Ultra Le Teint Fluide/BD 51,[30 ml - 1.0 oz],46172,1
Face,Ultra Le Teint Fluide/BD 91,[30 ml - 1.0 oz],46180,1
Face,Ultra Le Teint Fluide/BD 131,[30 ml - 1.0 oz],46188,1
Face,Ultra Le Teint Fluide/BR 12,[30 ml - 1.0 oz],46192,1
Face,Ultra Le Teint Fluide/BR 122,[30 ml - 1.0 oz],46202,1
Face,Ultra Le Teint Fluide/BR 152,[30 ml - 1.0 oz],46206,1
Face,Le Blanc Base /Rosée 10 - SPF 40,[30 ml - 1 oz],46916,1
Face,Le Blanc Base /Mimosa 20 - SPF 40,[30 ml - 1 oz],46926,1
Face,Sublimage Le Teint/Beige 30,[30 g - 1.05 oz],46663,1
Face,Sublimage Le Teint/Beige 40,[30 g - 1.05 oz],46673,1
Face,Sublimage Le Teint/Beige 50,[30 g - 1.05 oz],46683,1
Face,Sublimage Le Teint/Beige 21,[30 g - 1.05 oz],46693,1
Face,Sublimage Le Teint/Beige 60,[30 g - 1.05 oz],46833,1
Face,Vitalumière Cushion/Beige 10 - SPF 15 ,[14 ml - 0.47 oz],47323,1
Face,Vitalumière Cushion/Beige 20 - SPF 15,[14 ml - 0.47 oz],47333,1
Face,Vitalumière Cushion/Beige 30 - SPF 15 ,[14 ml - 0.47 oz],47353,1
Face,Perfection Lumière Velvet/Beige Rose 22 - SPF15,[30 ml - 1 oz],47100,1
Face,Perfection Lumière Velvet/Beige 20 - SPF15,[30 ml - 1 oz],47091,1
Face,Perfection Lumière Velvet/Beige 30 - SPF15,[30 ml - 1 oz],47093,1
Face,Perfection Lumière Velvet/Beige 40 - SPF15,[30 ml - 1 oz],47095,1
Face,Perfection Lumière Velvet/Beige 50 - SPF15,[30 ml - 1 oz],47096,1
Face,Perfection Lumière Velvet/Beige 70 - SPF15,[30 ml - 1 oz],47098,1
Face,Face Palette/Palette Essentielle Beige Clair,[9g - 0.32 oz],49153,1
Face,Face Palette/Palette Essentielle Beige Medium,[9g - 0.32 oz],49163,1
Face,Vitalumière Fluide/Clair 20 - SPF15,[30 ml - 1.0 oz],61788,1
Face,Vitalumière Fluide/Cendré 30 - SPF15,[30 ml - 1.0 oz],61790,1
Face,Vitalumière Fluide/Beige 40 - SPF15,[30 ml - 1.0 oz],61792,1
Face,Vitalumière Fluide/Naturel 50 - SPF15,[30 ml - 1.0 oz],61794,1
Face,Baume Essentiel/Transparent,[8 g - 0.28 oz],69053,1
Face,Baume Essentiel/Sculpting,[8 g - 0.28 oz],69063,1
Face,Vitalumière Aqua/Beige 21 - SPF 15,[30 ml - 1.0 oz],71633,1
Face,Vitalumière Aqua/Beige 60 - SPF15,[30 ml - 1.0 oz],71653,1
Face,Vitalumière Aqua/Caramel 91 - SPF 15,[30 ml - 1.0 oz],71693,1
Face,Vitalumière Aqua/Caramel 121 - SPF 15,[30 ml - 1.0 oz],71703,1
Face,Vitalumière Aqua/Chocolat 152 - SPF 15,[30 ml - 1.0 oz],71733,1
Face,Le Correcteur de Chanel/Rose,[7.5 g - 0.26 oz],70473,1
Face,Le Correcteur de Chanel/Vert,[7.5 g - 0.26 oz],70483,1
Face,Le Correcteur de Chanel/Abricot,[7.5 g - 0.26 oz],70493,1
Face,Le Correcteur de Chanel/Beige 10,[7.5 g - 0.26 oz],70610,1
Face,Le Correcteur de Chanel/Beige 20,[7.5 g - 0.26 oz],70620,1
Face,Le Correcteur de Chanel/Beige 40,[7.5 g - 0.26 oz],70743,1
Face,Le Correcteur de Chanel/Caramel 121,[7.5 g - 0.26 oz],70773,1
Face,Vitalumiere Aqua/Beige Rose 32  - SPF15,[30 ml - 1.0 oz],70788,1
Face,Vitalumiere Aqua/Beige 10 - SPF15,[30 ml - 1.0 oz],70780,1
Face,Vitalumiere Aqua/Beige 20  - SPF15,[30 ml - 1.0 oz],70781,1
Face,Vitalumiere Aqua/Beige 30  - SPF15,[30 ml - 1.0 oz],70782,1
Face,Vitalumiere Aqua/Beige 40 - SPF15,[30 ml - 1.0 oz],70783,1
Face,Le Teint Ultra Tenue Compact/Beige Rosé 12 - SPF15,[13 g - 0.45oz],75813,1
Face,Le Teint Ultra Tenue Compact/Beige 10 - SPF15,[13 g - 0.45oz],75863,1
Face,Le Teint Ultra Tenue Compact/Beige 20 - SPF15,[13 g - 0.45oz],75873,1
Face,Le Teint Ultra Tenue Compact/Beige 30 - SPF15,[13 g - 0.45oz],75883,1
Face,Le Teint Ultra Tenue Compact/Beige 40 - SPF15,[13 g - 0.45oz],75893,1
Face,Le Teint Ultra Tenue Compact/Beige 60 - SPF15,[13 g - 0.45oz],75913,1
Face,Les Beiges Fluide/N°10 - SPF25,[30 ml - 1.0 oz],84213,1
Face,Les Beiges Fluide/N°20 - SPF25,[30 ml - 1.0 oz],84223,1
Face,Les Beiges Fluide/N°30 - SPF25,[30 ml - 1.0 oz],84233,1
Face,Les Beiges Fluide/N°40 - SPF25,[30 ml - 1.0 oz],84243,1
Face,Les Beiges Fluide/N°60 - SPF25,[30 ml - 1.0 oz],84263,1
Face,Les Beiges Fluide/N°22 Roseé - SPF25,[30 ml - 1.0 oz],84313,1
Face,Les Beiges Fluide/N°91 Caramel - SPF25,[30 ml - 1.0 oz],84343,1
Face,Les Beiges Fluide/N°121 Caramel - SPF25,[30 ml - 1.0 oz],84353,1
Face,Les Beiges Gel Touch/N°20 SPF25,[11 g - 0.39oz],84623,1
Face,Les Beiges Gel Touch/N°30 SPF25,[11 g - 0.39oz],84643,1
Face,Les Beiges Gel Touch/N°40 SPF25,[11 g - 0.39oz],84653,1
Face,Les Beiges Gel Touch/N°50 SPF25,[11 g - 0.39oz],84663,1
Face,Les Beiges Gel Touch/N°60 SPF25,[11 g - 0.39oz],84673,1
Face,Les Beiges Gel Touch/N°91 SPF25,[11 g - 0.39oz],84703,1
Face,Les Beiges Tinted Moisturizer/Light SPF30,[30 ml - 1 oz],85323,1
Face,Les Beiges Tinted Moisturizer/Medium Light SPF30,[30 ml - 1 oz],85333,1
Face,Les Beiges Tinted Moisturizer/Medium SPF30,[30 ml - 1 oz],85343,1
Face,Les Beiges Tinted Moisturizer/Medium Plus SPF30,[30 ml - 1 oz],85353,1
Face,Les Beiges Tinted Moisturizer/Light Deep SPF30,[30 ml - 1 oz],85363,1
Face,Les Beiges Tinted Moisturizer/Deep SPF30,[30 ml - 1 oz],85373,1
Face,Les Beiges Poudre Belle Mine/N°10,[12 g - 0.42oz],86412,1
Face,Les Beiges Poudre Belle Mine/N°20,[12 g - 0.42oz],86422,1
Face,Les Beiges Poudre Belle Mine/N°30,[12 g - 0.42oz],86430,1
Face,Les Beiges Poudre Belle Mine/N°40,[12 g - 0.42oz],86442,1
Face,Les Beiges Poudre Belle Mine/N°50,[12 g - 0.42oz],86452,1
Face,Les Beiges Poudre Belle Mine/N°60,[12 g - 0.42oz],86462,1
Face,Les Beiges Powder/Beige 10 - SPF15,[12 g - 0.42oz],86413,1
Face,Les Beiges Powder/Beige 20  - SPF15,[12 g - 0.42oz],86423,1
Face,Les Beiges Powder/Beige 30  - SPF15,[12 g - 0.42oz],86433,1
Face,Les Beiges Powder/Beige 40  - SPF15,[12 g - 0.42oz],86443,1
Face,Les Beiges Powder/Beige 50  - SPF15,[12 g - 0.42oz],86453,1
Face,Les Beiges Powder/Beige 60  - SPF15,[12 g - 0.42oz],86463,1
Face,Les Beiges Healthy Glow Sheer Colour Stick/Blush N°21,[8 g - 0.28 oz],86921,1
Face,Les Beiges Healthy Glow Sheer Colour Stick/Blush N°22,[8 g - 0.28 oz],86922,1
Face,Les Beiges Glow Powder/Light,[12 g - 0.42 oz],86933,1
Face,Les Beiges Glow Powder/Medium,[12 g - 0.42 oz],86953,1
Face,Les Beiges Glow Powder/Medium Deep,[12 g - 0.42 oz],86963,1
Face,Les Beiges Glow Powder/Deep,[12 g - 0.42 oz],86973,1
Lips,Rouge Coco Gloss/Caramel,[5.5g - 0.19 oz],56716,1
Lips,Rouge Coco Gloss/Bourgeoisie,[5.5g - 0.19 oz],56718,1
Lips,Rouge Coco Gloss/Noce Moscata,[5.5g - 0.19 oz],56722,1
Lips,Rouge Coco Gloss/Icing,[5.5g - 0.19 oz],56726,1
Lips,Rouge Coco Gloss/Rose Pulpe,[5.5g - 0.19 oz],56728,1
Lips,Rouge Coco Gloss/Tendresse ,[5.5g - 0.19 oz],56732,1
Lips,Rouge Coco Gloss/Amuse-Bouche,[5.5g - 0.19 oz],56738,1
Lips,Rouge Coco Gloss/Subtil,[5.5g - 0.19 oz],56744,1
Lips,Rouge Coco Gloss/Physical,[5.5g - 0.19 oz],56746,1
Lips,Rouge Coco Gloss/Nectar,[5.5g - 0.19 oz],56748,1
Lips,Rouge Coco Gloss/Bitter Orange,[5.5g - 0.19 oz],56752,1
Lips,Rouge Coco Gloss/Chilli,[5.5g - 0.19 oz],56756,1
Lips,Rouge Coco Gloss/Amarena ,[5.5g - 0.19 oz],56758,1
Lips,Rouge Coco Gloss/Heart Beat,[5.5g - 0.19 oz],56762,1
Lips,Rouge Coco Gloss/Confusion ,[5.5g - 0.19 oz],56764,1
Lips,Rouge Coco Gloss/Caractère,[5.5g - 0.19 oz],56766,1
Lips,Rouge Coco Gloss/Décadent,[5.5g - 0.19 oz],56768,1
Lips,Rouge Coco Gloss/Liquid Bronze,[5.5g - 0.19 oz],56808,1
Lips,Rouge Coco Lip Blush/Orange Explosif,[5.5g - 0.19 oz],58412,1
Lips,Rouge Coco Lip Blush/Tender Rose ,[5.5g - 0.19 oz],58414,1
Lips,Rouge Coco Lip Blush/Teasing Pink ,[5.5g - 0.19 oz],58416,1
Lips,Rouge Coco Lip Blush/Rouge Captivant,[5.5g - 0.19 oz],58418,1
Lips,Rouge Coco Lip Blush/Burning Berry ,[5.5g - 0.19 oz],58420,1
Lips,Rouge Allure/Palpitante,[3.5 g - 0.12 oz],60102,1
Lips,Rouge Allure/Passion,[3.5 g - 0.12 oz],60104,1
Lips,Rouge Allure/Enigmatique,[3.5 g - 0.12 oz],60135,1
Lips,Rouge Allure/Melodieuse,[3.5 g - 0.12 oz],60136,1
Lips,Rouge Allure/Fouguese,[3.5 g - 0.12 oz],60138,1
Lips,Rouge Allure/Élégante,[3.5 g - 0.12 oz],60149,1
Lips,Rouge Allure/Insaisissable,[3.5 g - 0.12 oz],60152,1
Lips,Rouge Allure/Rouge Ingénue ,[3.5 g - 0.12 oz],60168,1
Lips,Rouge Allure/Independante,[3.5 g - 0.12 oz],60176,1
Lips,Rouge Allure/Séduisante,[3.5 g - 0.12 oz],60913,1
Lips,Rouge Allure/Exaltée,[3.5 g - 0.12 oz],60933,1
Lips,Rouge Allure/Extatique,[3.5 g - 0.12 oz],60943,1
Lips,Rouge Allure/Coromandel,[3.5 g - 0.12 oz],60983,1
Lips,Rouge Allure/Pirate,[3.5 g - 0.12 oz],60993,1
Lips,Rouge Allure Velvet/L'Exuberante,[3.5 g - 0.12 oz],62373,1
Lips,Rouge Allure Velvet/La Fascinante,[3.5 g - 0.12 oz],62383,1
Lips,Rouge Allure Velvet/L'Eclatante ,[3.5 g - 0.12 oz],62423,1
Lips,Rouge Allure Velvet/La Favorite,[3.5 g - 0.12 oz],62433,1
Lips,Rouge Allure Velvet/La Bouleversante,[3.5 g - 0.12 oz],62513,1
Lips,Rouge Allure Velvet/Rouge Charnel,[3.5 g - 0.12 oz],62563,1
Lips,Rouge Allure Velvet/Rouge Feu,[3.5 g - 0.12 oz],62573,1
Lips,Rouge Allure Velvet/La Secrete,[3.5 g - 0.12 oz],62613,1
Lips,Rouge Allure Velvet/Libre,[3.5 g - 0.12 oz],62623,1
Lips,Rouge Allure Velvet/Nightfall,[3.5 g - 0.12 oz],62633,1
Lips,Rouge Allure Velvet/First Light,[3.5 g - 0.12 oz],62643,1
Lips,Rouge Allure Velvet/Abstrait,[3.5 g - 0.12 oz],62693,1
Lips,Rouge Allure Velvet/Unique,[3.5 g - 0.12 oz],62703,1
Lips,Rouge Allure Velvet/N5,[3.5 g - 0.12 oz],51677,1
Lips,Rouge Allure Velvet/Infrarose,[3.5 g - 0.12 oz],62723,1
Lips,Rouge Allure Velvet Extreme/Modern,[3.5 g - 0.12 oz],62102,1
Lips,Rouge Allure Velvet Extreme/Impressive,[3.5 g - 0.12 oz],62110,1
Lips,Rouge Allure Velvet Extreme/Ideal,[3.5 g - 0.12 oz],62112,1
Lips,Rouge Allure Velvet Extreme/Epitome,[3.5 g - 0.12 oz],62114,1
Lips,Rouge Allure Velvet Extreme/Extreme,[3.5 g - 0.12 oz],62116,1
Lips,Rouge Allure Velvet Extreme/Eternel,[3.5 g - 0.12 oz],62118,1
Lips,Rouge Allure Velvet Extreme/Muted Fuchsia,[3.5 g - 0.12 oz],62124,1
Lips,Rouge Allure Liquid Powder/Plaisir,[9 ml g - 0.30 oz],62950,1
Lips,Rouge Allure Liquid Powder/Evocation,[9 ml g - 0.30 oz],62952,1
Lips,Rouge Allure Liquid Powder/Radical,[9 ml g - 0.30 oz],62954,1
Lips,Rouge Allure Liquid Powder/Invincible,[9 ml g - 0.30 oz],62956,1
Lips,Rouge Allure Liquid Powder/Volupte,[9 ml g - 0.30 oz],62958,1
Lips,Rouge Allure Liquid Powder/Avant - Gardiste,[9 ml g - 0.30 oz],62960,1
Lips,Rouge Allure Liquid Powder/Bittersweet,[9 ml g - 0.30 oz],62964,1
Lips,Rouge Allure Ink/Créatif,[6 ml - 0.20 oz],65142,1
Lips,Rouge Allure Ink/Vivant,[6 ml - 0.20 oz],65144,1
Lips,Rouge Allure Ink/Séduisant,[6 ml - 0.20 oz],65146,1
Lips,Rouge Allure Ink/Libéré,[6 ml - 0.20 oz],65148,1
Lips,Rouge Allure Ink/Luxuriant,[6 ml - 0.20 oz],65150,1
Lips,Rouge Allure Ink/Choquant,[6 ml - 0.20 oz],65152,1
Lips,Rouge Allure Ink/Expérimenté,[6 ml - 0.20 oz],65154,1
Lips,Rouge Allure Ink/Lost,[6 ml - 0.20 oz],65156,1
Lips,Rouge Allure Ink/Eterea ,[6 ml - 0.20 oz],65166,1
Lips,Rouge Allure Ink/Serenity,[6 ml - 0.20 oz],65168,1
Lips,Rouge Allure Ink/Warm Beige,[6 ml - 0.20 oz],65176,1
Lips,Rouge Allure Ink/Cold Purple,[6 ml - 0.20 oz],65182,1
Lips,Rouge Coco/Baume,[3.5 g - 0.12 oz],71903,1
Lips,Rouge Coco /Antoinette,[3.5 g - 0.12 oz],72406,1
Lips,Rouge Coco /Téhéran,[3.5 g - 0.12 oz],72412,1
Lips,Rouge Coco /Sari Doré ,[3.5 g - 0.12 oz],72414,1
Lips,Rouge Coco /Coco,[3.5 g - 0.12 oz],72416,1
Lips,Rouge Coco /Edith,[3.5 g - 0.12 oz],72424,1
Lips,Rouge Coco /Roussy,[3.5 g - 0.12 oz],72426,1
Lips,Rouge Coco /Légende,[3.5 g - 0.12 oz],72428,1
Lips,Rouge Coco /Marie,[3.5 g - 0.12 oz],72430,1
Lips,Rouge Coco /Cécile,[3.5 g - 0.12 oz],72432,1
Lips,Rouge Coco /Mademoiselle,[3.5 g - 0.12 oz],72434,1
Lips,Rouge Coco /Suzanne,[3.5 g - 0.12 oz],72438,1
Lips,Rouge Coco /Arthur,[3.5 g - 0.12 oz],72440,1
Lips,Rouge Coco /Dimitri,[3.5 g - 0.12 oz],72442,1
Lips,Rouge Coco /Gabrielle,[3.5 g - 0.12 oz],72444,1
Lips,Rouge Coco /Étienne,[3.5 g - 0.12 oz],72446,1
Lips,Rouge Coco /Ina,[3.5 g - 0.12 oz],72450,1
Lips,Rouge Coco /Émilienne,[3.5 g - 0.12 oz],72452,1
Lips,Rouge Coco /Érik,[3.5 g - 0.12 oz],72456,1
Lips,Rouge Coco /Marthe,[3.5 g - 0.12 oz],72470,1
Lips,Rouge Coco /Daylight,[3.5 g - 0.12 oz],72474,1
Lips,Rouge Coco Flash/Chicness,[3.0 g-0.11 oz],74054,1
Lips,Rouge Coco Flash/Moment,[3.0 g-0.11 oz],74056,1
Lips,Rouge Coco Flash/Ferveur,[3.0 g-0.11 oz],74058,1
Lips,Rouge Coco Flash/Beat,[3.0 g-0.11 oz],74060,1
Lips,Rouge Coco Flash/Fire,[3.0 g-0.11 oz],74062,1
Lips,Rouge Coco Flash/Ardent,[3.0 g-0.11 oz],74064,1
Lips,Rouge Coco Flash/Pulse,[3.0 g-0.11 oz],74066,1
Lips,Rouge Coco Flash/Ultime,[3.0 g-0.11 oz],74068,1
Lips,Rouge Coco Flash/Rush,[3.0 g-0.11 oz],74072,1
Lips,Rouge Coco Flash/Flash,[3.0 g-0.11 oz],74074,1
Lips,Rouge Coco Flash/Emotion,[3.0 g-0.11 oz],74078,1
Lips,Rouge Coco Flash/Boheme,[3.0 g-0.11 oz],74080,1
Lips,Rouge Coco Flash/Immediat,[3.0 g-0.11 oz],74084,1
Lips,Rouge Coco Flash/Furtive,[3.0 g-0.11 oz],74086,1
Lips,Rouge Coco Flash/Boy,[3.0 g-0.11 oz],74088,1
Lips,Rouge Coco Flash/Jour,[3.0 g-0.11 oz],74090,1
Lips,Rouge Coco Flash/Amour,[3.0 g-0.11 oz],74092,1
Lips,Rouge Coco Flash/Phenomene,[3.0 g-0.11 oz],74096,1
Lips,Rouge Coco Flash/Noir Moderne,[3.0 g-0.11 oz],74102,1
Lips,Rouge Coco Flash/Dominant,[3.0 g-0.11 oz],74106,1
Lips,Le Rouge Ultra Tenue/Tender Beige,[4.5 ml -0.15 oz],75106,1
Lips,Le Rouge Ultra Tenue/Radian Pink,[4.5 ml -0.15 oz],75126,1
Lips,Le Rouge Ultra Tenue/Shocking Pink,[4.5 ml -0.15 oz],75128,1
Lips,Le Rouge Ultra Tenue/Bright Raspberry  ,[4.5 ml -0.15 oz],75132,1
Lips,Le Rouge Ultra Tenue/Ever Red,[4.5 ml -0.15 oz],75136,1
Lips,Le Rouge Ultra Tenue/Milky Blueberry  ,[4.5 ml -0.15 oz],75138,1
Lips,Le Rouge Ultra Tenue/Light Rose,[4.5 ml -0.15 oz],75110,1
Lips,Le Rouge Ultra Tenue/Soft Rose,[4.5 ml -0.15 oz],75114,1
Lips,Le Rouge Ultra Tenue/Sensual Rose,[4.5 ml -0.15 oz],75116,1
Lips,Le Rouge Ultra Tenue/Soft Coral,[4.5 ml -0.15 oz],75122,1
Lips,Le Rouge Ultra Tenue/Darling Pink,[4.5 ml -0.15 oz],75104,1
Lips,Le Rouge Crayon de Couleur Mat/Discretion,[1.2 g - 0.04 oz],87257,1
Lips,Le Rouge Crayon de Couleur Mat/Provocation,[1.2 g - 0.04 oz],87259,1
Lips,Le Rouge Crayon de Couleur Mat/Excess,[1.2 g - 0.04 oz],87261,1
Lips,Le Rouge Crayon de Couleur Mat/Subversion,[1.2 g - 0.04 oz],87265,1
Lips,Le Rouge Crayon de Couleur Mat/Impulsion,[1.2 g - 0.04 oz],87267,1
Lips,Le Rouge Crayon de Couleur Mat/Impact,[1.2 g - 0.04 oz],87269,1
Lips,Le Crayon Lèvres/Mordore - Nude,[1.0 g - 0.03 oz],88050,1
Lips,Le Crayon Lèvres/Pivoine,[1.0 g - 0.03 oz],88320,1
Lips,Le Crayon Lèvres/Natural,[1.0 g - 0.03 oz],88340,1
Lips,Le Crayon Lèvres/Bois de Rose,[1.0 g - 0.03 oz],88480,1
Lips,Le Crayon Lèvres/Fuschia,[1.0 g - 0.03 oz],88550,1
Lips,Le Crayon Lèvres/Rouge profond,[1.0 g - 0.03 oz],88570,1
Lips,Le Crayon Lèvres/Rose Délicat ,[1.0 g - 0.03 oz],88910,1
Lips,Le Crayon Lèvres/Désir ,[1.0 g - 0.03 oz],88973,1
Nails,Nail Care/La Base,[13.0 ml - 0.4 oz],58190,1
Nails,Nail Care/Le Top Coat ,[13.0 ml - 0.4 oz],58340,1
Nails,Nail Care/Le Dissolvant Douceur,[13.0 ml - 0.4 oz],58903,1
Nails,Le Gel Coat Longue Tenue/Gel Coat,[13.0 ml - 0.4 oz],58353,1
Nails,Le Vernis Longue Tenue/Particuliére,[13.0 ml - 0.4 oz],59008,1
Nails,Le Vernis Longue Tenue/Ballerina,[13.0 ml - 0.4 oz],59010,1
Nails,Le Vernis Longue Tenue/Pirate,[13.0 ml - 0.4 oz],59012,1
Nails,Le Vernis Longue Tenue/Rouge Noir,[13.0 ml - 0.4 oz],59014,1
Nails,Le Vernis Longue Tenue/Rouge Essentiel,[13.0 ml - 0.4 oz],59500,1
Nails,Le Vernis Longue Tenue/Organdi,[13.0 ml - 0.4 oz],59504,1
Nails,Le Vernis Longue Tenue/Camelia,[13.0 ml - 0.4 oz],59506,1
Nails,Le Vernis Longue Tenue/Rouge Shantung,[13.0 ml - 0.4 oz],59508,1
Nails,Le Vernis Longue Tenue/Gitane,[13.0 ml - 0.4 oz],59510,1
Nails,Le Vernis Longue Tenue/Mythique,[13.0 ml - 0.4 oz],59512,1
Nails,Le Vernis Longue Tenue/Garconne,[13.0 ml - 0.4 oz],59520,1
Nails,Le Vernis Longue Tenue/Monochrome,[13.0 ml - 0.4 oz],59522,1
Nails,Le Vernis Longue Tenue/Rouge Puissant,[13.0 ml - 0.4 oz],59528,1
Nails,Le Vernis Longue Tenue/Turban,[13.0 ml - 0.4 oz],59524,1
Nails,Le Vernis Longue Tenue/Emeraude,[13.0 ml - 0.4 oz],59536,1
Nails,Le Vernis Longue Tenue/Gris Obscur  ,[13.0 ml - 0.4 oz],59538,1
Nails,Le Vernis Longue Tenue/Blanc White,[13.0 ml - 0.4 oz],59548,1
Nails,Le Vernis Longue Tenue/Beige Beige ,[13.0 ml - 0.4 oz],59556,1
Nails,Le Vernis Longue Tenue/Sargasso,[13.0 ml - 0.4 oz],59558,1
Nails,Le Vernis Longue Tenue/Coralium,[13.0 ml - 0.4 oz],59562,1
Nails,Le Vernis Longue Tenue/Sea Whip,[13.0 ml - 0.4 oz],59564,1
Nails,Le Vernis Longue Tenue/Washed Denin,[13.0 ml - 0.4 oz],59566,1
Nails,Le Vernis Longue Tenue/Androgyne,[13.0 ml - 0.4 oz],59570,1
Nails,Le Vernis Longue Tenue/Emblematique,[13.0 ml - 0.4 oz],59572,1
Nails,Le Vernis Longue Tenue/New Dawn,[13.0 ml - 0.4 oz],59578,1
Nails,Le Vernis Longue Tenue/Nuvola Rosa,[13.0 ml - 0.4 oz],59588,1
Nails,Le Vernis Longue Tenue/Verde Past,[13.0 ml - 0.4 oz],59590,1
Nails,Le Vernis Longue Tenue/Exquisite Pink  ,[13.0 ml - 0.4 oz],59626,1
Others,Brushes/Double Embouts Contour,,38063,1
Others,Brushes/Double Embouts Eyelid,,38073,1
Others,Brushes/Retractable Dual-Tip Concealer Brush,,38083,1
Others,Brushes/Retractable Foundation Brush,,38163,1
Others,Brushes/Highlighter Retractable Brush N°105 ,,38183,1
Others,Brushes/Petit Pinceau Retouche,,38263,1
Others,Brushes/Renovation Powder Brush 1,,38273,1
Others,Brushes/Renovation Blush Brush 4,,38303,1
Others,Brushes/Renovation Foundation Brush 1,,38313,1
Others,Brushes/Renovation Blender Brush 7,,38323,1
Others,Brushes/Renovation 2 in 1 Foundation Brush 8,,38333,1
Others,Brushes/Double-ended Eyebrow Brush,,38343,1
Others,Brushes/Renovation Eyeliner Brush,,38353,1
Others,Brushes/Lip Brush,,38383,1
Others,Brushes/Retractable Kabuki Brush,,38483,1
Others,Brushes/Foundation Sponge Brush ,,38833,1
Age of Skin,Sublimage/Protection UV SPF50,[30 ml - 1.0 oz],41983,2
Age of Skin,Sublimage/Le Crème ,[50 ml - 1.7 oz],41133,2
Age of Skin,Sublimage/Le Crème Texture Suprême,[50 ml - 1.7 oz],41143,2
Age of Skin,Sublimage/Sublimage La Brume 18ml + 3 Recharges,[4 x 18 ml - 4 x 0.60 oz],41173,2
Age of Skin,Sublimage/Sublimage Le Fluide,[50 ml - 1.7 oz],42093,2
Age of Skin,Sublimage/Sublimage La Crème Yeux,[15g - 0.5 oz],41163,2
Age of Skin,Sublimage/La Lotion Suprême,[125 ml - 4.2 oz],42503,2
Age of Skin,Sublimage/Essential Comfort Cleanser,[150 ml - 5 oz],42510,2
Age of Skin,Sublimage/Sublimage Masque,[50g - 1.7 oz],42520,2
Age of Skin,Sublimage/L'Extrait,[15 ml - 0.5 oz],42553,2
Age of Skin,Sublimage/L'Essence Fondamentale,[40 ml -  1.4oz],41193,2
Age of Skin,Le Lift/V-Flash ,[15 ml - 0.5 oz],41543,2
Age of Skin,Le Lift/Creme-Huile,[50 ml - 1.7 oz],41563,2
Age of Skin,Le Lift/Creme,[50 ml - 1.7 oz],41943,2
Age of Skin,Le Lift/Creme Riche,[50 ml - 1.7 oz],41953,2
Age of Skin,Le Lift/Sérum,[50 ml - 1.7 oz],43363,2
Age of Skin,Le Lift/Eye Cream,[15 ml - 0.5 oz],43383,2
Age of Skin,Le Lift/Masque,[50g - 1.7 oz],43433,2
Age of Skin,Le Lift/Lip and Contour,[15g - 0.5 oz],43443,2
Age of Skin,Le Lift/Concentré Yeux,[15g - 0.5 oz],43583,2
Balance of Skin,Hydra Beauty/Essence Mist,[50 ml - 1.7 oz],41053,2
Balance of Skin,Hydra Beauty/Micro Cream,[50g - 1.7 oz],41073,2
Balance of Skin,Hydra Beauty/Micro Eye Gel,[15 ml - 0.5 oz],41083,2
Balance of Skin,Hydra Beauty/Flash,[30 ml - 1.0 oz],43003,2
Balance of Skin,Hydra Beauty/Sérum,[50 ml - 1.7 oz],43013,2
Balance of Skin,Hydra Beauty/Cream ,[50g - 1.7 oz],43033,2
Balance of Skin,Hydra Beauty/Gel Cream,[50g - 1.7 oz],43043,2
Balance of Skin,Hydra Beauty /Lotion Very Moist (Travel Retail Only),[150 ml - 5 oz],43173,2
Balance of Skin,Hydra Beauty /Lip Balm,[10 g - 0.35 oz],43123,2
Balance of Skin,Hydra Beauty /Micro Sérum Intense Replenishing Hydration,[30 ml - 1.0 oz],43183,2
Balance of Skin,Hydra Beauty /Hydra Beauty Micro Liquid Essence,[150 ml - 5 oz],41023,2
Balance of Skin,Hydra Beauty /Hydra Beauty Camellia Overnight Mask,[100 ml - 3.4 oz],41093,2
Balance of Skin,Hydra Beauty /Camellia Water Cream,[30 ml - 1.0 oz],41813,2
Transversal Products,Creative Space/La Creme Main,[50 ml - 1.7 oz],40353,2
Brightening,Le Blanc /Serum,[50 ml - 1.7 oz],41217,2
Brightening,Le Blanc /Cream ,[50 ml - 1.7 oz],41256,2
Brightening,Le Blanc /Essence Lotion,[150 ml - 5 oz],41273,2
Brightening,Le Blanc /Tri Phase Makeup Remover,[150 ml - 5 oz],43640,2
Brightening,Le Blanc /Foam Cleanser,[150 ml - 5 oz],43680,2
Brightening,Le Blanc /Moisturizing Lotion,[150 ml - 5 oz],43623,2
Brightening,Le Blanc /Moisturizing Cream,[48gr],43463,2
First Beauty Steps,Cleansers & Makeup Removers/Gel Pureté,[150 ml - 5 oz],43883,2
First Beauty Steps,Cleansers & Makeup Removers/Demaq. Yeux Intense,[100 ml - 3.4 oz],66143,2
First Beauty Steps,Scrub/Gommage Microperlé Éclat , [75 ml - 2.5 oz],66993,2
First Beauty Steps,Cleansers & Makeup Removers/L'Huile ,[150 ml - 5 oz],41373,2
First Beauty Steps,Cleansers & Makeup Removers/Le Tonique,[160 ml - 6 oz],41393,2
First Beauty Steps,Cleansers & Makeup Removers/Le Lait,[150 ml - 5 oz],41423,2
First Beauty Steps,Cleansers & Makeup Removers/Le Lait Eau ,[150 ml - 5 oz],41443,2
First Beauty Steps,Cleansers & Makeup Removers/La Mousse  ,[150 ml - 5 oz],41453,2
Transversal Products,Blue Serum/Serum,[30 ml - 1.0 oz],40233,2
Transversal Products,Blue Serum/Blue Serum Eye ,[15 ml - 0.5 oz],40269,2
Transversal Products,CC Cream/Beige 20 - SPF 50,[30 ml - 1.0 oz],40563,2
Transversal Products,CC Cream/Beige 30 - SPF 50,[30 ml - 1.0 oz],40573,2
Transversal Products,CC Cream/Beige 40 - SPF 50,[30 ml - 1.0 oz],40583,2
Transversal Products,CC Cream/Beige 50 - SPF 50,[30 ml - 1.0 oz],40593,2
Transversal Products,Concentre Destressant /La Solution 10 de CHANEL,[30 ml - 1.0 oz],41033,2
Whitening,UV Essentiel/UV Essentiel SPF50 (Latam TR & LM only),[30 ml - 1.0 oz],41853,2
